company_id,company_name,cash_flow_date,fiscal_year,fiscal_quarter,period_label,revenue,ebitda,adj_ebitda,gross_profit,net_leverage,ebitda_margin_pct,adj_ebitda_margin_pct,revenue_yoy,ebitda_yoy,adj_ebitda_yoy,gross_profit_yoy,revenue_qoq_delta,leverage_qoq_delta,margin_yoy_pp_change
9e2cb471-1737-41de-b21f-89f87e9782ee,ATI,2020-12-31,2020,4,Q4 2020,313.724847,45.540735,,,1.507905,0.1451613904205681,,,,,,,,
9e2cb471-1737-41de-b21f-89f87e9782ee,ATI,2021-12-31,2021,4,Q4 2021,372.606729,39.055403,,,2.537571,0.10481668730142553,,,,,,58.88188199999996,1.0296659999999997,
9e2cb471-1737-41de-b21f-89f87e9782ee,ATI,2022-03-31,2022,1,Q1 2022,,,,,,,,,,,,,,
9e2cb471-1737-41de-b21f-89f87e9782ee,ATI,2022-06-30,2022,2,Q2 2022,,,,,,,,,,,,,,
9e2cb471-1737-41de-b21f-89f87e9782ee,ATI,2022-09-30,2022,3,Q3 2022,,,,,,,,,,,,,,
9e2cb471-1737-41de-b21f-89f87e9782ee,ATI,2022-12-31,2022,4,Q4 2022,419.9,48.159919,,,2.737138,0.11469378185282211,,0.12692543456454863,0.23311796321753495,,,,,0.009877094551396584
9e2cb471-1737-41de-b21f-89f87e9782ee,ATI,2023-03-31,2023,1,Q1 2023,,,,,,,,,,,,,,
9e2cb471-1737-41de-b21f-89f87e9782ee,ATI,2023-06-30,2023,2,Q2 2023,,,,,,,,,,,,,,
9e2cb471-1737-41de-b21f-89f87e9782ee,ATI,2023-09-30,2023,3,Q3 2023,,,,,,,,,,,,,,
9e2cb471-1737-41de-b21f-89f87e9782ee,ATI,2023-12-31,2023,4,Q4 2023,672.308,65.636,53.29278,,4.063898,0.09762787293918858,0.07926840079249392,0.6011145510835914,0.3628760463654433,,,,,-0.017065908913633535
9e2cb471-1737-41de-b21f-89f87e9782ee,ATI,2024-03-31,2024,1,Q1 2024,696.6,63.35,54.162043,,4.891397,0.09094171691070915,0.07775199971289118,,,,,24.29200000000003,0.8274990000000004,
9e2cb471-1737-41de-b21f-89f87e9782ee,ATI,2024-06-30,2024,2,Q2 2024,677.1,57.2,57.2221,,5.463287,0.08447792054349432,0.08451055974006794,,,,,-19.5,0.5718899999999998,
9e2cb471-1737-41de-b21f-89f87e9782ee,ATI,2024-09-30,2024,3,Q3 2024,662.391,52.729,50.396,,5.868118,0.07960404051383549,0.07608195159656457,,,,,-14.70900000000006,0.4048309999999997,
9e2cb471-1737-41de-b21f-89f87e9782ee,ATI,2024-12-31,2024,4,Q4 2024,653.747855,64.354444,64.370238,,4.851703,0.09843924306260249,0.09846340222408838,-0.027606610363107437,-0.019525199585593195,0.2078603893435471,,-8.643145000000004,-1.0164150000000003,0.0008113701234139098
9e2cb471-1737-41de-b21f-89f87e9782ee,ATI,2025-03-31,2025,1,Q1 2025,645.551764,65.309219,65.309219,,4.925674,0.10116805908069673,0.10116805908069673,-0.07328199253517079,0.030926898184688197,0.20581158653856543,,-8.19609099999991,0.07397100000000023,0.010226342169987579
9e2cb471-1737-41de-b21f-89f87e9782ee,ATI,2025-06-30,2025,2,Q2 2025,634.412781,65.481237,65.481237,,5.005612,0.10321550725504693,0.10321550725504693,-0.06304418697385915,0.14477687062937045,0.14433474129750562,,-11.138983000000053,0.07993800000000029,0.01873758671155261
9e2cb471-1737-41de-b21f-89f87e9782ee,ATI,2025-09-30,2025,3,Q3 2025,625.58814,59.990399,59.990399,,5.341519,0.09589439946863443,0.09589439946863443,-0.05556062808824397,0.13771167668645332,0.1903801690610365,,-8.824641000000042,0.33590699999999973,0.01629035895479894
9e2cb471-1737-41de-b21f-89f87e9782ee,ATI,2025-12-31,2025,4,Q4 2025,,,,,,,,,,,,,,
4183d627-6696-4a8e-b279-3a451840eead,Cadogan Tate,2021-12-31,2021,4,Q4 2021,,,,,,,,,,,,,,
4183d627-6696-4a8e-b279-3a451840eead,Cadogan Tate,2022-03-31,2022,1,Q1 2022,,,,,,,,,,,,,,
4183d627-6696-4a8e-b279-3a451840eead,Cadogan Tate,2022-06-30,2022,2,Q2 2022,,,,,,,,,,,,,,
4183d627-6696-4a8e-b279-3a451840eead,Cadogan Tate,2022-09-30,2022,3,Q3 2022,,,,,,,,,,,,,,
4183d627-6696-4a8e-b279-3a451840eead,Cadogan Tate,2022-12-31,2022,4,Q4 2022,,,,,4.213912,,,,,,,,,
4183d627-6696-4a8e-b279-3a451840eead,Cadogan Tate,2023-03-31,2023,1,Q1 2023,,,,,,,,,,,,,,
4183d627-6696-4a8e-b279-3a451840eead,Cadogan Tate,2023-06-30,2023,2,Q2 2023,,,,,,,,,,,,,,
4183d627-6696-4a8e-b279-3a451840eead,Cadogan Tate,2023-09-30,2023,3,Q3 2023,,,,,,,,,,,,,,
4183d627-6696-4a8e-b279-3a451840eead,Cadogan Tate,2023-12-31,2023,4,Q4 2023,,,23.709501,,4.753731,,,,,,,,,
4183d627-6696-4a8e-b279-3a451840eead,Cadogan Tate,2024-03-31,2024,1,Q1 2024,,,22.105069,,4.901745,,,,,,,,0.14801399999999987,
4183d627-6696-4a8e-b279-3a451840eead,Cadogan Tate,2024-06-30,2024,2,Q2 2024,,,23.606522,,4.886297,,,,,,,,-0.015448000000000128,
4183d627-6696-4a8e-b279-3a451840eead,Cadogan Tate,2024-09-30,2024,3,Q3 2024,,,25.928382,,4.365518,,,,,,,,-0.5207790000000001,
4183d627-6696-4a8e-b279-3a451840eead,Cadogan Tate,2024-12-31,2024,4,Q4 2024,,,26.896146,,4.956624,,,,,0.13440371435906653,,,0.5911059999999999,
4183d627-6696-4a8e-b279-3a451840eead,Cadogan Tate,2025-03-31,2025,1,Q1 2025,,,29.770059,,4.70806,,,,,0.3467525932626584,,,-0.248564,
4183d627-6696-4a8e-b279-3a451840eead,Cadogan Tate,2025-06-30,2025,2,Q2 2025,173.2233,31.5523,29.233,,4.484618,0.18214812903344987,0.16875905262167387,,,0.23834421690751406,,,-0.22344199999999947,
4183d627-6696-4a8e-b279-3a451840eead,Cadogan Tate,2025-09-30,2025,3,Q3 2025,168.70977,32.452711,29.529,,4.864463,0.19235821968105346,0.17502839343566173,,,0.1388678244558415,,-4.513530000000003,0.37984499999999954,
4183d627-6696-4a8e-b279-3a451840eead,Cadogan Tate,2025-12-31,2025,4,Q4 2025,,,,,,,,,,,,,,
4183d627-6696-4a8e-b279-3a451840eead,Cadogan Tate,2026-01-31,2026,1,Q1 2026,,,,,,,,,,,,,,
82b0aba4-8b3c-4ce0-a864-d3ae055a7974,Core Power,2020-03-31,2020,1,Q1 2020,,,,,,,,,,,,,,
82b0aba4-8b3c-4ce0-a864-d3ae055a7974,Core Power,2020-06-30,2020,2,Q2 2020,,,,,,,,,,,,,,
82b0aba4-8b3c-4ce0-a864-d3ae055a7974,Core Power,2020-09-30,2020,3,Q3 2020,,,,,,,,,,,,,,
82b0aba4-8b3c-4ce0-a864-d3ae055a7974,Core Power,2020-12-31,2020,4,Q4 2020,62.45865,,,,,,,,,,,,,
82b0aba4-8b3c-4ce0-a864-d3ae055a7974,Core Power,2021-03-31,2021,1,Q1 2021,,,,,,,,,,,,,,
82b0aba4-8b3c-4ce0-a864-d3ae055a7974,Core Power,2021-06-30,2021,2,Q2 2021,,,,,,,,,,,,,,
82b0aba4-8b3c-4ce0-a864-d3ae055a7974,Core Power,2021-09-30,2021,3,Q3 2021,,,,,,,,,,,,,,
82b0aba4-8b3c-4ce0-a864-d3ae055a7974,Core Power,2021-12-31,2021,4,Q4 2021,63.726386,-28.882314,-28.882314,,-6.775773,-0.45322378708248107,-0.45322378708248107,0.020297204630583585,,,,,,
82b0aba4-8b3c-4ce0-a864-d3ae055a7974,Core Power,2022-03-31,2022,1,Q1 2022,,,,,,,,,,,,,,
82b0aba4-8b3c-4ce0-a864-d3ae055a7974,Core Power,2022-06-30,2022,2,Q2 2022,,,,,,,,,,,,,,
82b0aba4-8b3c-4ce0-a864-d3ae055a7974,Core Power,2022-09-30,2022,3,Q3 2022,,,,,,,,,,,,,,
82b0aba4-8b3c-4ce0-a864-d3ae055a7974,Core Power,2022-12-31,2022,4,Q4 2022,119.569763,-6.398176,-6.398176,,,-0.05350998312173622,-0.05350998312173622,0.8762991361223591,,,,,,0.39971380396074485
82b0aba4-8b3c-4ce0-a864-d3ae055a7974,Core Power,2023-03-31,2023,1,Q1 2023,,,,,,,,,,,,,,
82b0aba4-8b3c-4ce0-a864-d3ae055a7974,Core Power,2023-06-30,2023,2,Q2 2023,,,,,,,,,,,,,,
82b0aba4-8b3c-4ce0-a864-d3ae055a7974,Core Power,2023-09-30,2023,3,Q3 2023,,,,,,,,,,,,,,
82b0aba4-8b3c-4ce0-a864-d3ae055a7974,Core Power,2023-12-31,2023,4,Q4 2023,181.231,25.6076,22.398,,9.231249,0.1412981222859224,0.12358812785892039,0.5156925584940735,,,,,,0.1948081054076586
82b0aba4-8b3c-4ce0-a864-d3ae055a7974,Core Power,2024-03-31,2024,1,Q1 2024,186.786708,30.801503,27.602927,,7.628549,0.16490200683873074,0.14777779048389247,,,,,5.55570800000001,-1.6027000000000005,
82b0aba4-8b3c-4ce0-a864-d3ae055a7974,Core Power,2024-06-30,2024,2,Q2 2024,192.761749,31.620603,31.1293,,7.452217,0.16403982202921388,0.16149106428786345,,,,,5.9750410000000045,-0.1763319999999995,
82b0aba4-8b3c-4ce0-a864-d3ae055a7974,Core Power,2024-09-30,2024,3,Q3 2024,198.912675,32.341791,32.675564,,7.451742,0.16259291168850853,0.1642708992777861,,,,,6.150925999999998,-0.00047499999999978115,
82b0aba4-8b3c-4ce0-a864-d3ae055a7974,Core Power,2024-12-31,2024,4,Q4 2024,205.529509,36.911569,36.911569,,6.60924,0.17959255184130277,0.17959255184130277,0.134074794047376,0.4414302394601602,0.6479850433074382,,6.616833999999983,-0.8425020000000005,0.03829442955538037
82b0aba4-8b3c-4ce0-a864-d3ae055a7974,Core Power,2025-03-31,2025,1,Q1 2025,214.713,43.3261,43.3261,,5.437666,0.20178610517295179,0.20178610517295179,0.14950898968678214,0.4066229170699883,0.5696197725697711,,9.183491000000004,-1.1715739999999997,0.036884098334221044
82b0aba4-8b3c-4ce0-a864-d3ae055a7974,Core Power,2025-06-30,2025,2,Q2 2025,224.551339,49.742192,49.742192,,4.725244,0.22151812686363007,0.22151812686363007,0.1649164845459044,0.5730943524385036,0.5979219577696897,,9.838339000000019,-0.7124220000000001,0.05747830483441618
82b0aba4-8b3c-4ce0-a864-d3ae055a7974,Core Power,2025-09-30,2025,3,Q3 2025,233.439353,56.514639,56.514639,,4.118455,0.24209559473890419,0.24209559473890419,0.17357706340231965,0.7474183479820273,0.7295688912974846,,8.888013999999998,-0.606789,0.07950268305039565
82b0aba4-8b3c-4ce0-a864-d3ae055a7974,Core Power,2025-12-31,2025,4,Q4 2025,,,,,,,,,,,,,,
82b0aba4-8b3c-4ce0-a864-d3ae055a7974,Core Power,2026-03-31,2026,1,Q1 2026,,,,,,,,,,,,,,
632efd6e-0a60-468f-815c-7a6e2a0c5ebf,Endeavor,2021-06-30,2021,2,Q2 2021,,,,,,,,,,,,,,
632efd6e-0a60-468f-815c-7a6e2a0c5ebf,Endeavor,2021-09-30,2021,3,Q3 2021,,,,,,,,,,,,,,
632efd6e-0a60-468f-815c-7a6e2a0c5ebf,Endeavor,2021-12-31,2021,4,Q4 2021,,,,,,,,,,,,,,
632efd6e-0a60-468f-815c-7a6e2a0c5ebf,Endeavor,2022-03-31,2022,1,Q1 2022,,,,,,,,,,,,,,
632efd6e-0a60-468f-815c-7a6e2a0c5ebf,Endeavor,2022-06-30,2022,2,Q2 2022,,,22.546309,,,,,,,,,,,
632efd6e-0a60-468f-815c-7a6e2a0c5ebf,Endeavor,2022-09-30,2022,3,Q3 2022,,,22.718361,,,,,,,,,,,
632efd6e-0a60-468f-815c-7a6e2a0c5ebf,Endeavor,2022-12-31,2022,4,Q4 2022,,,26.773929,,,,,,,,,,,
632efd6e-0a60-468f-815c-7a6e2a0c5ebf,Endeavor,2023-03-31,2023,1,Q1 2023,,,33.400992,,,,,,,,,,,
632efd6e-0a60-468f-815c-7a6e2a0c5ebf,Endeavor,2023-06-30,2023,2,Q2 2023,,,36.215034,,,,,,,0.6062511163135395,,,,
632efd6e-0a60-468f-815c-7a6e2a0c5ebf,Endeavor,2023-09-30,2023,3,Q3 2023,,,37.067744,,,,,,,0.6316205205120209,,,,
632efd6e-0a60-468f-815c-7a6e2a0c5ebf,Endeavor,2023-12-31,2023,4,Q4 2023,241.0,37.670056,36.532,,5.981667,0.15630728630705396,0.1515850622406639,,,0.36446167463878754,,,,
632efd6e-0a60-468f-815c-7a6e2a0c5ebf,Endeavor,2024-03-31,2024,1,Q1 2024,245.243,36.804873,36.147977,,6.345654,0.15007512141019316,0.14739656993267902,,,0.0822426172252607,,4.242999999999995,0.36398699999999984,
632efd6e-0a60-468f-815c-7a6e2a0c5ebf,Endeavor,2024-06-30,2024,2,Q2 2024,250.685965,34.769926,35.516273,,7.020509,0.138699132996935,0.14167635192500705,,,-0.019294776859798187,,5.442965000000015,0.674855,
632efd6e-0a60-468f-815c-7a6e2a0c5ebf,Endeavor,2024-09-30,2024,3,Q3 2024,257.484911,35.995,35.355491,,7.206556,0.13979459945907274,0.1373109238234158,,,-0.04619253332493062,,6.798946000000001,0.1860470000000003,
632efd6e-0a60-468f-815c-7a6e2a0c5ebf,Endeavor,2024-12-31,2024,4,Q4 2024,264.0,34.124437,33.789519,,7.943118,0.12925923106060605,0.12799060227272727,0.0954356846473029,-0.09412300847123779,-0.07507065038870027,,6.515088999999989,0.7365620000000002,-0.027048055246447905
632efd6e-0a60-468f-815c-7a6e2a0c5ebf,Endeavor,2025-03-31,2025,1,Q1 2025,262.844,34.457,31.805,,7.867922,0.13109296769186285,0.12100333277533443,0.07176963256851368,-0.06379244944005105,-0.1201443997820403,,-1.156000000000006,-0.07519600000000004,-0.018982153718330314
632efd6e-0a60-468f-815c-7a6e2a0c5ebf,Endeavor,2025-06-30,2025,2,Q2 2025,265.2016,34.217112,28.918369,,8.173017,0.12902302248553554,0.10904296580412788,0.057903660462204076,-0.015899199785469716,-0.1857712941895677,,2.357599999999991,0.30509499999999967,-0.009676110511399466
632efd6e-0a60-468f-815c-7a6e2a0c5ebf,Endeavor,2025-09-30,2025,3,Q3 2025,264.77161,33.118,33.118,,8.859472,0.1250813861803386,0.1250813861803386,0.028299518491007803,-0.07992776774552009,-0.06328553038621351,,-0.4299899999999752,0.6864550000000005,-0.01471321327873415
be228c9c-7f0a-416b-a963-7c7e132cfd11,Hempz,2020-12-31,2020,4,Q4 2020,88.940439,26918.647499,26918.647499,,0.000296,302.659260530522,302.659260530522,,,,,,,
be228c9c-7f0a-416b-a963-7c7e132cfd11,Hempz,2021-03-31,2021,1,Q1 2021,,,,,,,,,,,,,,
be228c9c-7f0a-416b-a963-7c7e132cfd11,Hempz,2021-06-30,2021,2,Q2 2021,,,,,,,,,,,,,,
be228c9c-7f0a-416b-a963-7c7e132cfd11,Hempz,2021-09-30,2021,3,Q3 2021,,,,,,,,,,,,,,
be228c9c-7f0a-416b-a963-7c7e132cfd11,Hempz,2021-12-31,2021,4,Q4 2021,75.758571,16.593876,16.593876,,0.006381,0.21903628567650782,0.21903628567650782,-0.14821006224176603,-0.9993835546157877,-0.9993835546157877,,,,-302.44022424484547
be228c9c-7f0a-416b-a963-7c7e132cfd11,Hempz,2022-03-31,2022,1,Q1 2022,,,,,,,,,,,,,,
be228c9c-7f0a-416b-a963-7c7e132cfd11,Hempz,2022-06-30,2022,2,Q2 2022,,,,,,,,,,,,,,
be228c9c-7f0a-416b-a963-7c7e132cfd11,Hempz,2022-09-30,2022,3,Q3 2022,,,,,,,,,,,,,,
be228c9c-7f0a-416b-a963-7c7e132cfd11,Hempz,2022-12-31,2022,4,Q4 2022,73.590939,15.948704,15.948704,,-0.320255,0.21672102865816129,0.21672102865816129,-0.028612366513618603,-0.03888012662020629,-0.03888012662020629,,,,-0.0023152570183465337
be228c9c-7f0a-416b-a963-7c7e132cfd11,Hempz,2023-03-31,2023,1,Q1 2023,,,,,,,,,,,,,,
be228c9c-7f0a-416b-a963-7c7e132cfd11,Hempz,2023-06-30,2023,2,Q2 2023,,,,,,,,,,,,,,
be228c9c-7f0a-416b-a963-7c7e132cfd11,Hempz,2023-09-30,2023,3,Q3 2023,,,,,,,,,,,,,,
be228c9c-7f0a-416b-a963-7c7e132cfd11,Hempz,2023-12-31,2023,4,Q4 2023,80.210243,21.552838,21.552838,,0.432707,0.26870430999691647,0.26870430999691647,0.08994726918758299,0.3513849150376107,0.3513849150376107,,,,0.05198328133875518
be228c9c-7f0a-416b-a963-7c7e132cfd11,Hempz,2024-03-31,2024,1,Q1 2024,81.744476,23.648,23.647725,,0.0,0.2892917192349486,0.28928835509325423,,,,,1.5342330000000004,-0.432707,
be228c9c-7f0a-416b-a963-7c7e132cfd11,Hempz,2024-06-30,2024,2,Q2 2024,84.007916,24.723487,24.723487,,0.236949,0.2942994919669237,0.2942994919669237,,,,,2.2634399999999886,0.236949,
be228c9c-7f0a-416b-a963-7c7e132cfd11,Hempz,2024-09-30,2024,3,Q3 2024,87.388573,28.180062,28.180062,,-0.062453,0.32246849939980143,0.32246849939980143,,,,,3.3806569999999994,-0.299402,
be228c9c-7f0a-416b-a963-7c7e132cfd11,Hempz,2024-12-31,2024,4,Q4 2024,86.502825,28.127393,28.127393,,2.416945,0.3251615539723703,0.3251615539723703,0.07845110256055446,0.30504358637131684,0.30504358637131684,,-0.8857479999999924,2.479398,0.05645724397545382
be228c9c-7f0a-416b-a963-7c7e132cfd11,Hempz,2025-03-31,2025,1,Q1 2025,87.497451,26.996078,26.996078,,2.457721,0.30853559379689816,0.30853559379689816,0.07037753841617374,0.14157975304465498,0.14159302850485614,,0.9946259999999967,0.0407759999999997,0.019243874561949537
be228c9c-7f0a-416b-a963-7c7e132cfd11,Hempz,2025-06-30,2025,2,Q2 2025,84.193589,24.784804,24.784804,,2.766738,0.29437875608319775,0.29437875608319775,0.0022101845735586208,0.002480111320866774,0.002480111320866774,,-3.303861999999995,0.3090170000000003,7.926411627406926e-05
be228c9c-7f0a-416b-a963-7c7e132cfd11,Hempz,2025-09-30,2025,3,Q3 2025,79.959845,21.866623,21.866623,,3.002719,0.2734700523744137,0.2734700523744137,-0.085008002133185,-0.22403921609540814,-0.22403921609540814,,-4.2337440000000015,0.23598099999999977,-0.04899844702538775
be228c9c-7f0a-416b-a963-7c7e132cfd11,Hempz,2025-12-31,2025,4,Q4 2025,,,,,,,,,,,,,,
c3fd13d4-edf9-44a7-9a3d-3b1c36d9bc8e,Legacy,2023-03-31,2023,1,Q1 2023,,,,,,,,,,,,,,
c3fd13d4-edf9-44a7-9a3d-3b1c36d9bc8e,Legacy,2023-06-30,2023,2,Q2 2023,,,,,,,,,,,,,,
c3fd13d4-edf9-44a7-9a3d-3b1c36d9bc8e,Legacy,2023-09-30,2023,3,Q3 2023,,,,,,,,,,,,,,
c3fd13d4-edf9-44a7-9a3d-3b1c36d9bc8e,Legacy,2023-12-31,2023,4,Q4 2023,,,,,,,,,,,,,,
c3fd13d4-edf9-44a7-9a3d-3b1c36d9bc8e,Legacy,2024-03-31,2024,1,Q1 2024,,,,,,,,,,,,,,
c3fd13d4-edf9-44a7-9a3d-3b1c36d9bc8e,Legacy,2024-06-30,2024,2,Q2 2024,100.155441,26.77106,26.77106,,3.189606,0.2672951138021548,0.2672951138021548,,,,,,,
c3fd13d4-edf9-44a7-9a3d-3b1c36d9bc8e,Legacy,2024-09-30,2024,3,Q3 2024,97.59388,26.152136,26.152136,,3.488314,0.26796901608994333,0.26796901608994333,,,,,-2.5615609999999975,0.298708,
c3fd13d4-edf9-44a7-9a3d-3b1c36d9bc8e,Legacy,2024-12-31,2024,4,Q4 2024,96.564372,27.345231,27.345231,,3.269426,0.28318136838294766,0.28318136838294766,,,,,-1.0295079999999928,-0.21888799999999975,
c3fd13d4-edf9-44a7-9a3d-3b1c36d9bc8e,Legacy,2025-03-31,2025,1,Q1 2025,95.526141,26.927157,26.927157,,3.225988,0.2818826000727906,0.2818826000727906,,,,,-1.0382310000000103,-0.04343800000000009,
c3fd13d4-edf9-44a7-9a3d-3b1c36d9bc8e,Legacy,2025-06-30,2025,2,Q2 2025,95.604529,27.811325,27.811325,,3.194513,0.2908996602033362,0.2908996602033362,-0.04543848995682618,0.03885781885364276,0.03885781885364276,,0.0783880000000039,-0.03147499999999992,0.02360454640118137
c3fd13d4-edf9-44a7-9a3d-3b1c36d9bc8e,Legacy,2025-09-30,2025,3,Q3 2025,107.300507,35.51398,35.51398,,4.219554,0.33097681448979543,0.33097681448979543,0.09945938208420443,0.35797626625985723,0.35797626625985723,,11.695977999999997,1.0250409999999994,0.0630077983998521
c3fd13d4-edf9-44a7-9a3d-3b1c36d9bc8e,Legacy,2025-12-31,2025,4,Q4 2025,,,,,,,,,,,,,,
41a173ae-cc52-4a23-9ac4-47c688fc1af8,Mavis,2021-12-31,2021,4,Q4 2021,2171.594734,409.539882,,,7.701951,0.18858946173885868,,,,,,,,
41a173ae-cc52-4a23-9ac4-47c688fc1af8,Mavis,2022-12-31,2022,4,Q4 2022,2739.545986,457.752809,,,7.672425,0.16709075567238899,,,,,,567.9512520000003,-0.029526000000000607,
41a173ae-cc52-4a23-9ac4-47c688fc1af8,Mavis,2023-03-31,2023,1,Q1 2023,,,397.356,,,,,,,,,,,
41a173ae-cc52-4a23-9ac4-47c688fc1af8,Mavis,2023-06-30,2023,2,Q2 2023,,,412.071857,,,,,,,,,,,
41a173ae-cc52-4a23-9ac4-47c688fc1af8,Mavis,2023-09-30,2023,3,Q3 2023,,,420.058842,,,,,,,,,,,
41a173ae-cc52-4a23-9ac4-47c688fc1af8,Mavis,2023-12-31,2023,4,Q4 2023,3507.678,556.59992,428.896827,,6.89131,0.15868044900358586,0.12227371697174028,0.2803866107469677,0.21593993320530336,,,,,-0.00841030666880313
41a173ae-cc52-4a23-9ac4-47c688fc1af8,Mavis,2024-03-31,2024,1,Q1 2024,3785.0,568.047262,451.5,,5.733819,0.15007853685601058,0.11928665785997358,,,0.13626068311539277,,277.3220000000001,-1.1574909999999994,
41a173ae-cc52-4a23-9ac4-47c688fc1af8,Mavis,2024-06-30,2024,2,Q2 2024,3954.688998,568.258078,467.496448,,5.811742,0.14369222922140892,0.11821320165414433,,,0.13450224774753292,,169.68899800000008,0.0779229999999993,
41a173ae-cc52-4a23-9ac4-47c688fc1af8,Mavis,2024-09-30,2024,3,Q3 2024,4004.402679,581.479436,507.289045,,5.956343,0.14521003071179894,0.12668282529635178,,,0.2076618660963693,,49.713680999999724,0.14460100000000065,
41a173ae-cc52-4a23-9ac4-47c688fc1af8,Mavis,2024-12-31,2024,4,Q4 2024,4062.840598,605.9,527.2,,5.763822,0.14913211222174558,0.12976142855801995,0.15827068448130083,0.08857363831457249,0.22920004721788273,,58.43791900000042,-0.19252100000000016,-0.009548336781840278
41a173ae-cc52-4a23-9ac4-47c688fc1af8,Mavis,2025-03-31,2025,1,Q1 2025,4215.02,683.0,536.7,,6.459736,0.16203956327609356,0.12733035667683665,0.11361162483487462,0.2023647426717109,0.18870431893687717,,152.1794020000002,0.6959140000000001,0.011961026420082982
41a173ae-cc52-4a23-9ac4-47c688fc1af8,Mavis,2025-06-30,2025,2,Q2 2025,4265.0,696.5,570.6,,6.270639,0.16330597889800702,0.13378663540445487,0.07846660057388409,0.2256754931691443,0.22054403288214938,,49.97999999999956,-0.1890970000000003,0.019613749676598097
41a173ae-cc52-4a23-9ac4-47c688fc1af8,Mavis,2025-09-30,2025,3,Q3 2025,4335.0,737.757992,606.207225,,5.973987,0.1701863880046136,0.13984019031141867,0.0825584606497563,0.2687602455471873,0.1949937239429249,,70.0,-0.2966519999999999,0.024976357292814666
41a173ae-cc52-4a23-9ac4-47c688fc1af8,Mavis,2025-12-31,2025,4,Q4 2025,,,650.60607,,,,,,,0.23407828148710164,,,,
c329fe81-d777-4863-a5ae-a5e069f7b91f,Powerstop,2017-09-30,2017,3,Q3 2017,,,,,,,,,,,,,,
c329fe81-d777-4863-a5ae-a5e069f7b91f,Powerstop,2017-12-31,2017,4,Q4 2017,,,,,,,,,,,,,,
c329fe81-d777-4863-a5ae-a5e069f7b91f,Powerstop,2018-03-31,2018,1,Q1 2018,,,,,,,,,,,,,,
c329fe81-d777-4863-a5ae-a5e069f7b91f,Powerstop,2018-06-30,2018,2,Q2 2018,,,,,,,,,,,,,,
c329fe81-d777-4863-a5ae-a5e069f7b91f,Powerstop,2018-09-30,2018,3,Q3 2018,,,,,,,,,,,,,,
c329fe81-d777-4863-a5ae-a5e069f7b91f,Powerstop,2018-12-31,2018,4,Q4 2018,,,,,,,,,,,,,,
c329fe81-d777-4863-a5ae-a5e069f7b91f,Powerstop,2019-03-31,2019,1,Q1 2019,,,,,,,,,,,,,,
c329fe81-d777-4863-a5ae-a5e069f7b91f,Powerstop,2019-06-30,2019,2,Q2 2019,,,,,,,,,,,,,,
c329fe81-d777-4863-a5ae-a5e069f7b91f,Powerstop,2019-09-30,2019,3,Q3 2019,,,,,,,,,,,,,,
c329fe81-d777-4863-a5ae-a5e069f7b91f,Powerstop,2019-12-31,2019,4,Q4 2019,,,,,,,,,,,,,,
c329fe81-d777-4863-a5ae-a5e069f7b91f,Powerstop,2020-03-31,2020,1,Q1 2020,,,,,,,,,,,,,,
c329fe81-d777-4863-a5ae-a5e069f7b91f,Powerstop,2020-06-30,2020,2,Q2 2020,,,,,,,,,,,,,,
c329fe81-d777-4863-a5ae-a5e069f7b91f,Powerstop,2020-09-30,2020,3,Q3 2020,,,,,,,,,,,,,,
c329fe81-d777-4863-a5ae-a5e069f7b91f,Powerstop,2020-12-31,2020,4,Q4 2020,242.035225,58.323094,,,3.591408,0.2409694456664314,,,,,,,,
c329fe81-d777-4863-a5ae-a5e069f7b91f,Powerstop,2021-03-31,2021,1,Q1 2021,,,,,,,,,,,,,,
c329fe81-d777-4863-a5ae-a5e069f7b91f,Powerstop,2021-06-30,2021,2,Q2 2021,,,,,,,,,,,,,,
c329fe81-d777-4863-a5ae-a5e069f7b91f,Powerstop,2021-09-30,2021,3,Q3 2021,,,,,,,,,,,,,,
c329fe81-d777-4863-a5ae-a5e069f7b91f,Powerstop,2021-12-31,2021,4,Q4 2021,289.641655,67.327327,,,3.16024,0.23245042913458008,,0.1966921550365242,0.15438537948621175,,,,,-0.008519016531851303
c329fe81-d777-4863-a5ae-a5e069f7b91f,Powerstop,2022-03-31,2022,1,Q1 2022,,,,,,,,,,,,,,
c329fe81-d777-4863-a5ae-a5e069f7b91f,Powerstop,2022-06-30,2022,2,Q2 2022,,,,,,,,,,,,,,
c329fe81-d777-4863-a5ae-a5e069f7b91f,Powerstop,2022-09-30,2022,3,Q3 2022,,,,,,,,,,,,,,
c329fe81-d777-4863-a5ae-a5e069f7b91f,Powerstop,2022-12-31,2022,4,Q4 2022,281.053,37.736,,,10.8758,0.13426649066190363,,-0.0296526927385497,-0.4395143594516978,,,,,-0.09818393847267645
c329fe81-d777-4863-a5ae-a5e069f7b91f,Powerstop,2023-03-31,2023,1,Q1 2023,,,,,,,,,,,,,,
c329fe81-d777-4863-a5ae-a5e069f7b91f,Powerstop,2023-06-30,2023,2,Q2 2023,,,,,,,,,,,,,,
c329fe81-d777-4863-a5ae-a5e069f7b91f,Powerstop,2023-09-30,2023,3,Q3 2023,,,,,,,,,,,,,,
c329fe81-d777-4863-a5ae-a5e069f7b91f,Powerstop,2023-12-31,2023,4,Q4 2023,303.31932,62.907792,62.907792,,4.862376,0.2073979066021907,0.2073979066021907,0.07922463022988549,0.667049819800721,,,,,0.07313141594028708
c329fe81-d777-4863-a5ae-a5e069f7b91f,Powerstop,2024-03-31,2024,1,Q1 2024,308.8,67.422702,67.42,,5.494588,0.21833776554404144,0.21832901554404144,,,,,5.480680000000007,0.632212,
c329fe81-d777-4863-a5ae-a5e069f7b91f,Powerstop,2024-06-30,2024,2,Q2 2024,297.549291,68.529168,68.529,,5.590171,0.23031198551906482,0.2303114209067297,,,,,-11.250709000000029,0.09558299999999953,
c329fe81-d777-4863-a5ae-a5e069f7b91f,Powerstop,2024-09-30,2024,3,Q3 2024,288.303877,70.237139,70.237139,,5.418703,0.2436219024553735,0.2436219024553735,,,,,-9.245413999999982,-0.17146799999999995,
c329fe81-d777-4863-a5ae-a5e069f7b91f,Powerstop,2024-12-31,2024,4,Q4 2024,286.389,70.102,70.102,,5.183789,0.24477895449895073,0.24477895449895073,-0.05581682037266863,0.11436115894832238,0.11436115894832238,,-1.91487699999999,-0.23491399999999985,0.03738104789676003
c329fe81-d777-4863-a5ae-a5e069f7b91f,Powerstop,2025-03-31,2025,1,Q1 2025,275.1,64.6,64.6,,5.729102,0.2348237004725554,0.2348237004725554,-0.10913212435233156,-0.04186575020384094,-0.04182735093444093,,-11.288999999999987,0.5453130000000002,0.016485934928513968
c329fe81-d777-4863-a5ae-a5e069f7b91f,Powerstop,2025-06-30,2025,2,Q2 2025,276.0,64.4,64.3,,5.729814,0.23333333333333336,0.23297101449275362,-0.07242259232941672,-0.06025416797705749,-0.06171110041004537,,0.8999999999999773,0.0007120000000000459,0.003021347814268549
c329fe81-d777-4863-a5ae-a5e069f7b91f,Powerstop,2025-09-30,2025,3,Q3 2025,284.475403,67.500552,67.500552,,5.338785,0.2372808027975621,0.2372808027975621,-0.013279301131285266,-0.03896210806650311,-0.03896210806650311,,8.475402999999972,-0.3910290000000005,-0.006341099657811378
c329fe81-d777-4863-a5ae-a5e069f7b91f,Powerstop,2025-12-31,2025,4,Q4 2025,,,,,,,,,,,,,,
c329fe81-d777-4863-a5ae-a5e069f7b91f,Powerstop,2026-03-31,2026,1,Q1 2026,,,,,,,,,,,,,,
a8498cce-61d8-4417-8778-76b4df2680a7,Radiance Holdings,2021-03-31,2021,1,Q1 2021,,,,,,,,,,,,,,
a8498cce-61d8-4417-8778-76b4df2680a7,Radiance Holdings,2021-06-30,2021,2,Q2 2021,,,,,,,,,,,,,,
a8498cce-61d8-4417-8778-76b4df2680a7,Radiance Holdings,2021-09-30,2021,3,Q3 2021,,,,,,,,,,,,,,
a8498cce-61d8-4417-8778-76b4df2680a7,Radiance Holdings,2021-12-31,2021,4,Q4 2021,,,,,,,,,,,,,,
a8498cce-61d8-4417-8778-76b4df2680a7,Radiance Holdings,2022-03-31,2022,1,Q1 2022,,,,,,,,,,,,,,
a8498cce-61d8-4417-8778-76b4df2680a7,Radiance Holdings,2022-06-30,2022,2,Q2 2022,,,,,,,,,,,,,,
a8498cce-61d8-4417-8778-76b4df2680a7,Radiance Holdings,2022-09-30,2022,3,Q3 2022,,,,,,,,,,,,,,
a8498cce-61d8-4417-8778-76b4df2680a7,Radiance Holdings,2022-12-31,2022,4,Q4 2022,68.371546,27.502254,,,5.999508,0.40224706927059983,,,,,,,,
a8498cce-61d8-4417-8778-76b4df2680a7,Radiance Holdings,2023-03-31,2023,1,Q1 2023,,,,,,,,,,,,,,
a8498cce-61d8-4417-8778-76b4df2680a7,Radiance Holdings,2023-06-30,2023,2,Q2 2023,,,,,,,,,,,,,,
a8498cce-61d8-4417-8778-76b4df2680a7,Radiance Holdings,2023-09-30,2023,3,Q3 2023,,,,,,,,,,,,,,
a8498cce-61d8-4417-8778-76b4df2680a7,Radiance Holdings,2023-12-31,2023,4,Q4 2023,72.592723,28.537759,25.955164,,6.027133,0.39312148409145636,0.357544984226587,0.06173879701359995,0.037651641207298886,,,,,-0.00912558517914347
a8498cce-61d8-4417-8778-76b4df2680a7,Radiance Holdings,2024-03-31,2024,1,Q1 2024,73.398387,27.595469,27.595469,,6.331349,0.3759683302032237,0.3759683302032237,,,,,0.805663999999993,0.30421600000000026,
a8498cce-61d8-4417-8778-76b4df2680a7,Radiance Holdings,2024-06-30,2024,2,Q2 2024,74.581907,28.314257,28.314257,,6.361736,0.3796397563285691,0.3796397563285691,,,,,1.1835200000000015,0.030386999999999276,
a8498cce-61d8-4417-8778-76b4df2680a7,Radiance Holdings,2024-09-30,2024,3,Q3 2024,75.959402,28.599159,28.599159,,6.426336,0.37650584716293584,0.37650584716293584,,,,,1.3774949999999961,0.06460000000000043,
a8498cce-61d8-4417-8778-76b4df2680a7,Radiance Holdings,2024-12-31,2024,4,Q4 2024,78.064241,28.430183,28.430183,,6.359646,0.3641895781706249,0.3641895781706249,0.07537281663893484,-0.003769602231205389,0.09535747876607521,,2.1048389999999984,-0.06669000000000036,-0.028931905920831447
a8498cce-61d8-4417-8778-76b4df2680a7,Radiance Holdings,2025-03-31,2025,1,Q1 2025,79.716057,28.424322,28.424322,,6.403832,0.3565695929993125,0.3565695929993125,0.08607368987550104,0.030035836680289748,0.030035836680289748,,1.6518160000000108,0.044186000000000725,-0.019398737203911165
a8498cce-61d8-4417-8778-76b4df2680a7,Radiance Holdings,2025-06-30,2025,2,Q2 2025,81.357423,28.628446,28.628446,,6.382097,0.3518848673464006,0.3518848673464006,0.0908466446158315,0.011096494603407708,0.011096494603407708,,1.6413659999999908,-0.021735000000000504,-0.02775488898216849
a8498cce-61d8-4417-8778-76b4df2680a7,Radiance Holdings,2025-09-30,2025,3,Q3 2025,82.146,29.4091,29.4091,,6.234201,0.3580101283081343,0.3580101283081343,0.0814461124904591,0.028320448164227432,0.028320448164227432,,0.7885770000000036,-0.14789600000000025,-0.018495718854801557
a8498cce-61d8-4417-8778-76b4df2680a7,Radiance Holdings,2025-12-31,2025,4,Q4 2025,,,,,,,,,,,,,,
d46d3f2b-1254-4e9e-b656-032981fd5d4b,Revolut,2020-12-31,2020,4,Q4 2020,,,,,,,,,,,,,,
d46d3f2b-1254-4e9e-b656-032981fd5d4b,Revolut,2021-03-31,2021,1,Q1 2021,,,,,,,,,,,,,,
d46d3f2b-1254-4e9e-b656-032981fd5d4b,Revolut,2021-06-30,2021,2,Q2 2021,,,,,,,,,,,,,,
d46d3f2b-1254-4e9e-b656-032981fd5d4b,Revolut,2021-09-30,2021,3,Q3 2021,,,,,,,,,,,,,,
d46d3f2b-1254-4e9e-b656-032981fd5d4b,Revolut,2021-12-31,2021,4,Q4 2021,,,,,-5.644976,,,,,,,,,
d46d3f2b-1254-4e9e-b656-032981fd5d4b,Revolut,2022-03-31,2022,1,Q1 2022,,,,,,,,,,,,,,
d46d3f2b-1254-4e9e-b656-032981fd5d4b,Revolut,2022-06-30,2022,2,Q2 2022,,,,,,,,,,,,,,
d46d3f2b-1254-4e9e-b656-032981fd5d4b,Revolut,2022-09-30,2022,3,Q3 2022,,,,,,,,,,,,,,
d46d3f2b-1254-4e9e-b656-032981fd5d4b,Revolut,2022-12-31,2022,4,Q4 2022,,,,,-15.929831,,,,,,,,,
d46d3f2b-1254-4e9e-b656-032981fd5d4b,Revolut,2023-03-31,2023,1,Q1 2023,,,,,,,,,,,,,,
d46d3f2b-1254-4e9e-b656-032981fd5d4b,Revolut,2023-06-30,2023,2,Q2 2023,,,,,,,,,,,,,,
d46d3f2b-1254-4e9e-b656-032981fd5d4b,Revolut,2023-09-30,2023,3,Q3 2023,,,,,,,,,,,,,,
d46d3f2b-1254-4e9e-b656-032981fd5d4b,Revolut,2023-12-31,2023,4,Q4 2023,,,,,,,,,,,,,,
d46d3f2b-1254-4e9e-b656-032981fd5d4b,Revolut,2024-03-31,2024,1,Q1 2024,,,,,,,,,,,,,,
d46d3f2b-1254-4e9e-b656-032981fd5d4b,Revolut,2024-06-30,2024,2,Q2 2024,,,,,,,,,,,,,,
d46d3f2b-1254-4e9e-b656-032981fd5d4b,Revolut,2024-09-30,2024,3,Q3 2024,,,,,,,,,,,,,,
d46d3f2b-1254-4e9e-b656-032981fd5d4b,Revolut,2024-12-31,2024,4,Q4 2024,,,,,,,,,,,,,,
d46d3f2b-1254-4e9e-b656-032981fd5d4b,Revolut,2025-03-31,2025,1,Q1 2025,,,,,,,,,,,,,,
d46d3f2b-1254-4e9e-b656-032981fd5d4b,Revolut,2025-06-30,2025,2,Q2 2025,,,,,,,,,,,,,,
d46d3f2b-1254-4e9e-b656-032981fd5d4b,Revolut,2025-09-30,2025,3,Q3 2025,,,,,,,,,,,,,,
d46d3f2b-1254-4e9e-b656-032981fd5d4b,Revolut,2025-12-31,2025,4,Q4 2025,,,,,,,,,,,,,,
62aae571-fd8c-4602-ac2c-6e99c04a1d04,Rough Country,2014-03-31,2014,1,Q1 2014,,,,,,,,,,,,,,
62aae571-fd8c-4602-ac2c-6e99c04a1d04,Rough Country,2014-06-30,2014,2,Q2 2014,,,,,,,,,,,,,,
62aae571-fd8c-4602-ac2c-6e99c04a1d04,Rough Country,2014-09-30,2014,3,Q3 2014,,,,,,,,,,,,,,
62aae571-fd8c-4602-ac2c-6e99c04a1d04,Rough Country,2014-12-31,2014,4,Q4 2014,,,,,,,,,,,,,,
62aae571-fd8c-4602-ac2c-6e99c04a1d04,Rough Country,2015-03-31,2015,1,Q1 2015,,,,,,,,,,,,,,
62aae571-fd8c-4602-ac2c-6e99c04a1d04,Rough Country,2015-06-30,2015,2,Q2 2015,,,,,,,,,,,,,,
62aae571-fd8c-4602-ac2c-6e99c04a1d04,Rough Country,2015-09-30,2015,3,Q3 2015,,,,,,,,,,,,,,
62aae571-fd8c-4602-ac2c-6e99c04a1d04,Rough Country,2015-12-31,2015,4,Q4 2015,,,,,,,,,,,,,,
62aae571-fd8c-4602-ac2c-6e99c04a1d04,Rough Country,2016-03-31,2016,1,Q1 2016,,,,,,,,,,,,,,
62aae571-fd8c-4602-ac2c-6e99c04a1d04,Rough Country,2016-06-30,2016,2,Q2 2016,,,,,,,,,,,,,,
62aae571-fd8c-4602-ac2c-6e99c04a1d04,Rough Country,2016-09-30,2016,3,Q3 2016,,,,,,,,,,,,,,
62aae571-fd8c-4602-ac2c-6e99c04a1d04,Rough Country,2016-12-31,2016,4,Q4 2016,,,,,,,,,,,,,,
62aae571-fd8c-4602-ac2c-6e99c04a1d04,Rough Country,2017-03-31,2017,1,Q1 2017,,,,,,,,,,,,,,
62aae571-fd8c-4602-ac2c-6e99c04a1d04,Rough Country,2017-06-30,2017,2,Q2 2017,,,,,,,,,,,,,,
62aae571-fd8c-4602-ac2c-6e99c04a1d04,Rough Country,2017-09-30,2017,3,Q3 2017,,,,,,,,,,,,,,
62aae571-fd8c-4602-ac2c-6e99c04a1d04,Rough Country,2017-12-31,2017,4,Q4 2017,,,,,,,,,,,,,,
62aae571-fd8c-4602-ac2c-6e99c04a1d04,Rough Country,2018-03-31,2018,1,Q1 2018,,,,,,,,,,,,,,
62aae571-fd8c-4602-ac2c-6e99c04a1d04,Rough Country,2018-06-30,2018,2,Q2 2018,,,,,,,,,,,,,,
62aae571-fd8c-4602-ac2c-6e99c04a1d04,Rough Country,2018-09-30,2018,3,Q3 2018,,,,,,,,,,,,,,
62aae571-fd8c-4602-ac2c-6e99c04a1d04,Rough Country,2018-12-31,2018,4,Q4 2018,,,,,,,,,,,,,,
62aae571-fd8c-4602-ac2c-6e99c04a1d04,Rough Country,2019-03-31,2019,1,Q1 2019,,,,,,,,,,,,,,
62aae571-fd8c-4602-ac2c-6e99c04a1d04,Rough Country,2019-06-30,2019,2,Q2 2019,,,,,,,,,,,,,,
62aae571-fd8c-4602-ac2c-6e99c04a1d04,Rough Country,2019-09-30,2019,3,Q3 2019,,,,,,,,,,,,,,
62aae571-fd8c-4602-ac2c-6e99c04a1d04,Rough Country,2019-12-31,2019,4,Q4 2019,,,,,,,,,,,,,,
62aae571-fd8c-4602-ac2c-6e99c04a1d04,Rough Country,2020-03-31,2020,1,Q1 2020,,,,,,,,,,,,,,
62aae571-fd8c-4602-ac2c-6e99c04a1d04,Rough Country,2020-06-30,2020,2,Q2 2020,,,,,,,,,,,,,,
62aae571-fd8c-4602-ac2c-6e99c04a1d04,Rough Country,2020-09-30,2020,3,Q3 2020,,,,,,,,,,,,,,
62aae571-fd8c-4602-ac2c-6e99c04a1d04,Rough Country,2020-12-31,2020,4,Q4 2020,,,,,,,,,,,,,,
62aae571-fd8c-4602-ac2c-6e99c04a1d04,Rough Country,2021-03-31,2021,1,Q1 2021,,,,,,,,,,,,,,
62aae571-fd8c-4602-ac2c-6e99c04a1d04,Rough Country,2021-06-30,2021,2,Q2 2021,,,,,,,,,,,,,,
62aae571-fd8c-4602-ac2c-6e99c04a1d04,Rough Country,2021-09-30,2021,3,Q3 2021,,,,,,,,,,,,,,
62aae571-fd8c-4602-ac2c-6e99c04a1d04,Rough Country,2021-12-31,2021,4,Q4 2021,411.732273,121.504838,,,6.144395,0.2951064222259789,,,,,,,,
62aae571-fd8c-4602-ac2c-6e99c04a1d04,Rough Country,2022-03-31,2022,1,Q1 2022,,,,,,,,,,,,,,
62aae571-fd8c-4602-ac2c-6e99c04a1d04,Rough Country,2022-06-30,2022,2,Q2 2022,,,,,,,,,,,,,,
62aae571-fd8c-4602-ac2c-6e99c04a1d04,Rough Country,2022-09-30,2022,3,Q3 2022,,,,,,,,,,,,,,
62aae571-fd8c-4602-ac2c-6e99c04a1d04,Rough Country,2022-12-31,2022,4,Q4 2022,441.058244,130.080054,,,5.637103,0.29492715705819567,,0.07122582542855459,0.07057509924008115,,,,,-0.00017926516778321577
62aae571-fd8c-4602-ac2c-6e99c04a1d04,Rough Country,2023-03-31,2023,1,Q1 2023,,,,,,,,,,,,,,
62aae571-fd8c-4602-ac2c-6e99c04a1d04,Rough Country,2023-06-30,2023,2,Q2 2023,,,,,,,,,,,,,,
62aae571-fd8c-4602-ac2c-6e99c04a1d04,Rough Country,2023-09-30,2023,3,Q3 2023,,,,,,,,,,,,,,
62aae571-fd8c-4602-ac2c-6e99c04a1d04,Rough Country,2023-12-31,2023,4,Q4 2023,465.563923,123.951607,123.951607,,5.556804,0.2662397167746179,0.2662397167746179,0.05556109501039048,-0.047112887883641215,,,,,-0.02868744028357778
62aae571-fd8c-4602-ac2c-6e99c04a1d04,Rough Country,2024-03-31,2024,1,Q1 2024,466.380681,118.067668,118.067668,,5.784277,0.2531572871904615,0.2531572871904615,,,,,0.816757999999993,0.2274730000000007,
62aae571-fd8c-4602-ac2c-6e99c04a1d04,Rough Country,2024-06-30,2024,2,Q2 2024,469.613048,115.136416,115.136416,,5.902727,0.2451729492831298,0.2451729492831298,,,,,3.2323670000000106,0.11844999999999928,
62aae571-fd8c-4602-ac2c-6e99c04a1d04,Rough Country,2024-09-30,2024,3,Q3 2024,483.38401,115.839897,115.839897,,5.932973,0.23964362619276544,0.23964362619276544,,,,,13.770961999999997,0.030245999999999995,
62aae571-fd8c-4602-ac2c-6e99c04a1d04,Rough Country,2024-12-31,2024,4,Q4 2024,504.152514,120.9,120.9,,5.611253,0.23980838465084,0.23980838465084,0.08288569859825674,-0.024619341966256154,-0.024619341966256154,,20.768504000000007,-0.32172,-0.02643133212377788
62aae571-fd8c-4602-ac2c-6e99c04a1d04,Rough Country,2025-03-31,2025,1,Q1 2025,522.0,125.1,125.1,,5.223022,0.23965517241379308,0.23965517241379308,0.11925733904917048,0.05956187768526094,0.05956187768526094,,17.847486000000004,-0.3882309999999993,-0.013502114776668406
62aae571-fd8c-4602-ac2c-6e99c04a1d04,Rough Country,2025-06-30,2025,2,Q2 2025,542.3,128.1,128.1,,4.9758,0.23621611654066016,0.23621611654066016,0.15478052049354465,0.11259325633342623,0.11259325633342623,,20.299999999999955,-0.24722200000000072,-0.00895683274246964
62aae571-fd8c-4602-ac2c-6e99c04a1d04,Rough Country,2025-09-30,2025,3,Q3 2025,559.102666,129.430608,127.186128,,4.905388,0.23149703242516823,0.22748259976996782,0.15664286454158882,0.11732323104534541,0.09794752320955537,,16.802666000000045,-0.07041199999999925,-0.008146593767597216
62aae571-fd8c-4602-ac2c-6e99c04a1d04,Rough Country,2025-12-31,2025,4,Q4 2025,,,,,,,,,,,,,,
eaa67a3c-ec8e-4b72-b0d7-83b09d4032fa,Summer Fridays,2021-03-31,2021,1,Q1 2021,,,,,,,,,,,,,,
eaa67a3c-ec8e-4b72-b0d7-83b09d4032fa,Summer Fridays,2021-06-30,2021,2,Q2 2021,,,,,,,,,,,,,,
eaa67a3c-ec8e-4b72-b0d7-83b09d4032fa,Summer Fridays,2021-09-30,2021,3,Q3 2021,,,,,,,,,,,,,,
eaa67a3c-ec8e-4b72-b0d7-83b09d4032fa,Summer Fridays,2021-12-31,2021,4,Q4 2021,,,,,,,,,,,,,,
eaa67a3c-ec8e-4b72-b0d7-83b09d4032fa,Summer Fridays,2022-03-31,2022,1,Q1 2022,,,,,,,,,,,,,,
eaa67a3c-ec8e-4b72-b0d7-83b09d4032fa,Summer Fridays,2022-06-30,2022,2,Q2 2022,,,,,,,,,,,,,,
eaa67a3c-ec8e-4b72-b0d7-83b09d4032fa,Summer Fridays,2022-09-30,2022,3,Q3 2022,,,,,,,,,,,,,,
eaa67a3c-ec8e-4b72-b0d7-83b09d4032fa,Summer Fridays,2022-12-31,2022,4,Q4 2022,,,,,,,,,,,,,,
eaa67a3c-ec8e-4b72-b0d7-83b09d4032fa,Summer Fridays,2023-03-31,2023,1,Q1 2023,,,,,,,,,,,,,,
eaa67a3c-ec8e-4b72-b0d7-83b09d4032fa,Summer Fridays,2023-06-30,2023,2,Q2 2023,,,,,,,,,,,,,,
eaa67a3c-ec8e-4b72-b0d7-83b09d4032fa,Summer Fridays,2023-09-30,2023,3,Q3 2023,,,,,,,,,,,,,,
eaa67a3c-ec8e-4b72-b0d7-83b09d4032fa,Summer Fridays,2023-12-31,2023,4,Q4 2023,,,,,,,,,,,,,,
eaa67a3c-ec8e-4b72-b0d7-83b09d4032fa,Summer Fridays,2024-03-31,2024,1,Q1 2024,,,,,,,,,,,,,,
eaa67a3c-ec8e-4b72-b0d7-83b09d4032fa,Summer Fridays,2024-06-30,2024,2,Q2 2024,,,,,,,,,,,,,,
eaa67a3c-ec8e-4b72-b0d7-83b09d4032fa,Summer Fridays,2024-09-30,2024,3,Q3 2024,194.559132,100.291453,100.291453,,-0.196256,0.515480573792856,0.515480573792856,,,,,,,
eaa67a3c-ec8e-4b72-b0d7-83b09d4032fa,Summer Fridays,2024-12-31,2024,4,Q4 2024,220.365225,113.285553,113.285553,,-0.214318,0.5140808991073795,0.5140808991073795,,,,,25.806093000000004,-0.018061999999999995,
eaa67a3c-ec8e-4b72-b0d7-83b09d4032fa,Summer Fridays,2025-03-31,2025,1,Q1 2025,245.63106,127.533842,127.533842,,-0.435341,0.5192089388044004,0.5192089388044004,,,,,25.26583499999998,-0.22102299999999997,
eaa67a3c-ec8e-4b72-b0d7-83b09d4032fa,Summer Fridays,2025-06-30,2025,2,Q2 2025,247.653287,123.350368,123.350368,,1.844366,0.4980768456345988,0.4980768456345988,,,,,2.022227000000015,2.279707,
eaa67a3c-ec8e-4b72-b0d7-83b09d4032fa,Summer Fridays,2025-09-30,2025,3,Q3 2025,250.046604,111.838342,111.838342,,1.878303,0.4472699897175968,0.4472699897175968,0.28519592696373663,0.11513333045439068,0.11513333045439068,,2.393316999999996,0.033937000000000106,-0.06821058407525915
eaa67a3c-ec8e-4b72-b0d7-83b09d4032fa,Summer Fridays,2025-12-31,2025,4,Q4 2025,,,,,,,,,,,,,,
b5fcb2a1-9593-4176-a783-2a51bec2dc98,Super Star,2021-03-31,2021,1,Q1 2021,,,,,,,,,,,,,,
b5fcb2a1-9593-4176-a783-2a51bec2dc98,Super Star,2021-06-30,2021,2,Q2 2021,,,,,,,,,,,,,,
b5fcb2a1-9593-4176-a783-2a51bec2dc98,Super Star,2021-09-30,2021,3,Q3 2021,,,,,,,,,,,,,,
b5fcb2a1-9593-4176-a783-2a51bec2dc98,Super Star,2021-12-31,2021,4,Q4 2021,110.268682,40.992483,40.992483,,6.638094,0.37175091110638286,0.37175091110638286,,,,,,,
b5fcb2a1-9593-4176-a783-2a51bec2dc98,Super Star,2022-03-31,2022,1,Q1 2022,,,,,,,,,,,,,,
b5fcb2a1-9593-4176-a783-2a51bec2dc98,Super Star,2022-06-30,2022,2,Q2 2022,,,,,,,,,,,,,,
b5fcb2a1-9593-4176-a783-2a51bec2dc98,Super Star,2022-09-30,2022,3,Q3 2022,,,,,,,,,,,,,,
b5fcb2a1-9593-4176-a783-2a51bec2dc98,Super Star,2022-12-31,2022,4,Q4 2022,154.0,70.980894,70.980894,,6.936578,0.46091489610389613,0.46091489610389613,0.39658874312109765,0.7315587835945436,0.7315587835945436,,,,0.08916398499751327
b5fcb2a1-9593-4176-a783-2a51bec2dc98,Super Star,2023-03-31,2023,1,Q1 2023,,,,,,,,,,,,,,
b5fcb2a1-9593-4176-a783-2a51bec2dc98,Super Star,2023-06-30,2023,2,Q2 2023,,,,,,,,,,,,,,
b5fcb2a1-9593-4176-a783-2a51bec2dc98,Super Star,2023-09-30,2023,3,Q3 2023,,,,,,,,,,,,,,
b5fcb2a1-9593-4176-a783-2a51bec2dc98,Super Star,2023-12-31,2023,4,Q4 2023,188.2,79.79,49.525942,,5.962401,0.4239638682252923,0.263155908607864,0.222077922077922,0.12410531205763622,-0.3022637612876502,,,,-0.036951027878603826
b5fcb2a1-9593-4176-a783-2a51bec2dc98,Super Star,2024-03-31,2024,1,Q1 2024,195.4,83.831,47.648,,6.228006,0.42902251791197543,0.24384851586489253,,,,,7.200000000000017,0.26560499999999987,
b5fcb2a1-9593-4176-a783-2a51bec2dc98,Super Star,2024-06-30,2024,2,Q2 2024,201.808,86.348,48.658,,6.249131,0.4278720367874415,0.24111036232458577,,,,,6.407999999999987,0.021125000000000504,
b5fcb2a1-9593-4176-a783-2a51bec2dc98,Super Star,2024-09-30,2024,3,Q3 2024,207.945,86.749,46.6,,6.412754,0.41717281011806007,0.22409771814662532,,,,,6.1370000000000005,0.1636229999999994,
b5fcb2a1-9593-4176-a783-2a51bec2dc98,Super Star,2024-12-31,2024,4,Q4 2024,218.9,84.4,47.4,,6.868483,0.3855641845591595,0.2165372316126085,0.16312433581296504,0.05777666374232359,-0.04292582663041527,,10.955000000000013,0.4557290000000007,-0.03839968366613283
b5fcb2a1-9593-4176-a783-2a51bec2dc98,Super Star,2025-03-31,2025,1,Q1 2025,230.2,85.0,53.0,,6.948235,0.369244135534318,0.23023457862728064,0.17809621289662222,0.013944722119502295,0.11232370718603082,,11.299999999999983,0.07975200000000005,-0.059778382377657424
b5fcb2a1-9593-4176-a783-2a51bec2dc98,Super Star,2025-06-30,2025,2,Q2 2025,238.388499,83.751929,56.4,,7.143294,0.3513253758101812,0.23658859482143055,0.18126386961864746,-0.03006521285959136,0.1591105265321221,,8.188499000000007,0.19505899999999965,-0.07654666097726032
b5fcb2a1-9593-4176-a783-2a51bec2dc98,Super Star,2025-09-30,2025,3,Q3 2025,245.953058,59.100313,59.100313,,7.006058,0.2402910274040992,0.2402910274040992,0.1827793791627594,-0.3187205270377756,0.2682470600858369,,7.564559000000003,-0.1372359999999997,-0.17688178271396088
b5fcb2a1-9593-4176-a783-2a51bec2dc98,Super Star,2025-12-31,2025,4,Q4 2025,,,,,,,,,,,,,,
8ecb85d2-54dd-4630-911b-9842d24660bc,Thrive Pet Healthcare,2022-06-30,2022,2,Q2 2022,,,,,,,,,,,,,,
8ecb85d2-54dd-4630-911b-9842d24660bc,Thrive Pet Healthcare,2022-09-30,2022,3,Q3 2022,,,,,,,,,,,,,,
8ecb85d2-54dd-4630-911b-9842d24660bc,Thrive Pet Healthcare,2022-12-31,2022,4,Q4 2022,,,,,,,,,,,,,,
8ecb85d2-54dd-4630-911b-9842d24660bc,Thrive Pet Healthcare,2023-03-31,2023,1,Q1 2023,,,,,,,,,,,,,,
8ecb85d2-54dd-4630-911b-9842d24660bc,Thrive Pet Healthcare,2023-06-30,2023,2,Q2 2023,,,,,,,,,,,,,,
8ecb85d2-54dd-4630-911b-9842d24660bc,Thrive Pet Healthcare,2023-09-30,2023,3,Q3 2023,,,,,,,,,,,,,,
8ecb85d2-54dd-4630-911b-9842d24660bc,Thrive Pet Healthcare,2023-12-31,2023,4,Q4 2023,1262.439809,162.106537,146.128248,,10.086781,0.12840733937914026,0.11575066546400394,,,,,,,
8ecb85d2-54dd-4630-911b-9842d24660bc,Thrive Pet Healthcare,2024-03-31,2024,1,Q1 2024,1248.702312,150.868753,139.711076,,10.802769,0.12082043217999584,0.11188501427232082,,,,,-13.737497000000076,0.7159879999999994,
8ecb85d2-54dd-4630-911b-9842d24660bc,Thrive Pet Healthcare,2024-06-30,2024,2,Q2 2024,1237.916721,140.214809,131.1,,11.668107,0.11326675423426968,0.10590373146757098,,,,,-10.78559099999984,0.8653379999999995,
8ecb85d2-54dd-4630-911b-9842d24660bc,Thrive Pet Healthcare,2024-09-30,2024,3,Q3 2024,1237.727223,131.747962,123.448425,,12.720917,0.10644345502934777,0.09973798968466252,,,,,-0.18949799999995776,1.052810000000001,
8ecb85d2-54dd-4630-911b-9842d24660bc,Thrive Pet Healthcare,2024-12-31,2024,4,Q4 2024,1243.303726,136.5334,127.444716,,12.523216,0.10981500106917559,0.10250489348247958,-0.015158016139524218,-0.15775512495217883,-0.1278570861945872,,5.576503000000002,-0.19770100000000035,-0.018592338309964665
8ecb85d2-54dd-4630-911b-9842d24660bc,Thrive Pet Healthcare,2025-03-31,2025,1,Q1 2025,1233.823917,139.201107,132.567009,,12.897085,0.11282088560777997,0.10744402598575986,-0.011915085650934517,-0.07733639847874921,-0.05113457862138274,,-9.47980900000016,0.3738690000000009,-0.007999546572215868
8ecb85d2-54dd-4630-911b-9842d24660bc,Thrive Pet Healthcare,2025-06-30,2025,2,Q2 2025,1233.575809,140.683715,136.548483,,12.677289,0.11404545547471903,0.11069322371901345,-0.0035066268403689464,0.00334419740214462,0.04155974828375294,,-0.248108000000002,-0.21979600000000055,0.0007787012404493476
8ecb85d2-54dd-4630-911b-9842d24660bc,Thrive Pet Healthcare,2025-09-30,2025,3,Q3 2025,1237.3,141.5,139.9,,12.950888,0.11436191707750748,0.11306877879253213,-0.00034516732932853976,0.07402040875592443,0.13326678732434216,,3.724191000000019,0.2735990000000008,0.007918462048159713
8ecb85d2-54dd-4630-911b-9842d24660bc,Thrive Pet Healthcare,2025-12-31,2025,4,Q4 2025,,,,,,,,,,,,,,
e392661f-9eb4-4282-a57b-502851cb49fe,Training Co,2024-12-31,2024,4,Q4 2024,,,,,,,,,,,,,,
e392661f-9eb4-4282-a57b-502851cb49fe,Training Co,2025-03-31,2025,1,Q1 2025,,,,,,,,,,,,,,
e392661f-9eb4-4282-a57b-502851cb49fe,Training Co,2025-06-30,2025,2,Q2 2025,,,,,,,,,,,,,,
f250063e-25fc-498e-9fba-9936d4649abf,Trinity Solar,2022-03-31,2022,1,Q1 2022,,,,,,,,,,,,,,
f250063e-25fc-498e-9fba-9936d4649abf,Trinity Solar,2022-06-30,2022,2,Q2 2022,,,,,,,,,,,,,,
f250063e-25fc-498e-9fba-9936d4649abf,Trinity Solar,2022-09-30,2022,3,Q3 2022,,,,,,,,,,,,,,
f250063e-25fc-498e-9fba-9936d4649abf,Trinity Solar,2022-12-31,2022,4,Q4 2022,,,,,,,,,,,,,,
f250063e-25fc-498e-9fba-9936d4649abf,Trinity Solar,2023-03-31,2023,1,Q1 2023,,,,,,,,,,,,,,
f250063e-25fc-498e-9fba-9936d4649abf,Trinity Solar,2023-06-30,2023,2,Q2 2023,,,,,,,,,,,,,,
f250063e-25fc-498e-9fba-9936d4649abf,Trinity Solar,2023-09-30,2023,3,Q3 2023,,,,,,,,,,,,,,
f250063e-25fc-498e-9fba-9936d4649abf,Trinity Solar,2023-12-31,2023,4,Q4 2023,714.438346,67.503193,67.503193,,0.499745,0.09448428038323686,0.09448428038323686,,,,,,,
f250063e-25fc-498e-9fba-9936d4649abf,Trinity Solar,2024-03-31,2024,1,Q1 2024,583.7,39.5,39.5,,0.8798,0.0676717491862258,0.0676717491862258,,,,,-130.73834599999998,0.38005500000000003,
f250063e-25fc-498e-9fba-9936d4649abf,Trinity Solar,2024-06-30,2024,2,Q2 2024,535.47879,12.37954,12.37954,,2.815925,0.02311863743473388,0.02311863743473388,,,,,-48.22121000000004,1.936125,
f250063e-25fc-498e-9fba-9936d4649abf,Trinity Solar,2024-09-30,2024,3,Q3 2024,515.2922,-2.1496,-2.1496,,-0.99108,-0.004171613698014447,-0.004171613698014447,,,,,-20.186590000000024,-3.807005,
f250063e-25fc-498e-9fba-9936d4649abf,Trinity Solar,2024-12-31,2024,4,Q4 2024,552.9,3.8,3.8,,3.315789,0.006872852233676976,0.006872852233676976,-0.22610536920984367,-0.9437063666010584,-0.9437063666010584,,37.6078,4.306869,-0.08761142814955988
f250063e-25fc-498e-9fba-9936d4649abf,Trinity Solar,2025-03-31,2025,1,Q1 2025,595.2,22.6,22.6,,0.867257,0.03797043010752688,0.03797043010752688,0.019701901661812574,-0.42784810126582273,-0.42784810126582273,,42.30000000000007,-2.448532,-0.02970131907869892
f250063e-25fc-498e-9fba-9936d4649abf,Trinity Solar,2025-06-30,2025,2,Q2 2025,609.6,19.2,19.2,,3.572917,0.031496062992125984,0.031496062992125984,0.13842044051828836,0.5509461579347859,0.5509461579347859,,14.399999999999977,2.70566,0.008377425557392106
f250063e-25fc-498e-9fba-9936d4649abf,Trinity Solar,2025-09-30,2025,3,Q3 2025,576.154931,4.579312,4.579312,,14.762043,0.007948056596603179,0.007948056596603179,0.11811304537503198,,,,-33.44506899999999,11.189126,0.012119670294617624
f250063e-25fc-498e-9fba-9936d4649abf,Trinity Solar,2025-12-31,2025,4,Q4 2025,,,,,,,,,,,,,,
4298e07d-bbdf-4a43-a627-0074e0f5463b,Wrench Group,2020-12-31,2020,4,Q4 2020,,,,,,,,,,,,,,
4298e07d-bbdf-4a43-a627-0074e0f5463b,Wrench Group,2021-12-31,2021,4,Q4 2021,,,,,,,,,,,,,,
4298e07d-bbdf-4a43-a627-0074e0f5463b,Wrench Group,2022-12-31,2022,4,Q4 2022,1252.814193,173.494996,173.494996,,5.547135,0.13848421974255204,0.13848421974255204,,,,,,,
4298e07d-bbdf-4a43-a627-0074e0f5463b,Wrench Group,2023-03-31,2023,1,Q1 2023,,,,,,,,,,,,,,
4298e07d-bbdf-4a43-a627-0074e0f5463b,Wrench Group,2023-06-30,2023,2,Q2 2023,,,,,,,,,,,,,,
4298e07d-bbdf-4a43-a627-0074e0f5463b,Wrench Group,2023-09-30,2023,3,Q3 2023,,,,,,,,,,,,,,
4298e07d-bbdf-4a43-a627-0074e0f5463b,Wrench Group,2023-12-31,2023,4,Q4 2023,1473.68406,166.050245,166.050245,,6.578344,0.11267696347343269,0.11267696347343269,0.1762989821109092,-0.04291046526782823,-0.04291046526782823,,,,-0.025807256269119352
4298e07d-bbdf-4a43-a627-0074e0f5463b,Wrench Group,2024-03-31,2024,1,Q1 2024,1492.349911,164.89282,166.050245,,6.901403,0.11049206274251588,0.11126763487306562,,,,,18.665850999999975,0.32305899999999976,
4298e07d-bbdf-4a43-a627-0074e0f5463b,Wrench Group,2024-06-30,2024,2,Q2 2024,1527.0,164.89282,164.89282,,6.862399,0.10798481990831696,0.10798481990831696,,,,,34.65008899999998,-0.03900400000000026,
4298e07d-bbdf-4a43-a627-0074e0f5463b,Wrench Group,2024-09-30,2024,3,Q3 2024,1510.072281,145.887402,145.887402,,7.711388,0.0966095489835695,0.0966095489835695,,,,,-16.927719000000025,0.8489890000000004,
4298e07d-bbdf-4a43-a627-0074e0f5463b,Wrench Group,2024-12-31,2024,4,Q4 2024,1536.810137,157.233469,157.233469,,7.414014,0.10231157721729683,0.10231157721729683,0.04283555662534607,-0.05309703698419702,-0.05309703698419702,,26.737855999999965,-0.29737400000000047,-0.010365386256135853
4298e07d-bbdf-4a43-a627-0074e0f5463b,Wrench Group,2025-03-31,2025,1,Q1 2025,1537.342084,168.3,168.3,,6.956186,0.1094746587318428,0.1094746587318428,0.03014854134969697,0.02066299794011656,0.01354864005169051,,0.5319470000001729,-0.4578280000000001,-0.001017404010673087
4298e07d-bbdf-4a43-a627-0074e0f5463b,Wrench Group,2025-06-30,2025,2,Q2 2025,1509.200087,167.578,167.578,,6.867035,0.1110376294326307,0.1110376294326307,-0.011656786509495783,0.016284396130771508,0.016284396130771508,,-28.141997000000174,-0.0891510000000002,0.003052809524313735
4298e07d-bbdf-4a43-a627-0074e0f5463b,Wrench Group,2025-09-30,2025,3,Q3 2025,1494.997771,172.651,172.651,,6.631537,0.11548579091493509,0.11548579091493509,-0.009982641354106094,0.18345379815592303,0.18345379815592303,,-14.202315999999882,-0.23549799999999976,0.018876241931365598
4298e07d-bbdf-4a43-a627-0074e0f5463b,Wrench Group,2025-12-31,2025,4,Q4 2025,,,,,,,,,,,,,,
